Issue Type,Issue key,Issue id,Summary,Created,Status,Assignee,Assignee Id,Reporter,Reporter Id,Priority,Resolution,Updated,Due date
Epic,KRYL-1261,13837,"Cognitive Fabric — reconciliation, canonical substrate, production integration",02/Sep/26 10:59 PM,Ready,Mr. XS,712020:30691b85-94e0-4498-bbb6-f1f2c6cf621d,Mr. XS,712020:30691b85-94e0-4498-bbb6-f1f2c6cf621d,Medium,,02/Sep/26 10:59 PM,
Task,KRYL-1260,13836,CF Fabric 7/7: SF-001 Structural Form Emergence - separate normative contract,02/Sep/26 6:54 PM,Ready,Mr. XS,712020:30691b85-94e0-4498-bbb6-f1f2c6cf621d,Mr. XS,712020:30691b85-94e0-4498-bbb6-f1f2c6cf621d,Medium,,02/Sep/26 10:59 PM,
Task,KRYL-1259,13835,CF Fabric 6/7: WS6 integration-validation gates (NOT deployment authorization),02/Sep/26 6:54 PM,In Progress,Mr. XS,712020:30691b85-94e0-4498-bbb6-f1f2c6cf621d,Mr. XS,712020:30691b85-94e0-4498-bbb6-f1f2c6cf621d,Medium,,02/Sep/26 10:59 PM,
Task,KRYL-1258,13834,CF Fabric 5/7: production-readiness validation + WS2-WS5 hardening,02/Sep/26 6:54 PM,Review,Mr. XS,712020:30691b85-94e0-4498-bbb6-f1f2c6cf621d,Mr. XS,712020:30691b85-94e0-4498-bbb6-f1f2c6cf621d,Medium,,02/Sep/26 10:59 PM,
Task,KRYL-1257,13833,CF Fabric 4/7: FG-CORE parameter governance + IS-5 capability taxonomy,02/Sep/26 6:54 PM,Review,Mr. XS,712020:30691b85-94e0-4498-bbb6-f1f2c6cf621d,Mr. XS,712020:30691b85-94e0-4498-bbb6-f1f2c6cf621d,Medium,,02/Sep/26 10:59 PM,
Task,KRYL-1256,13832,CF Fabric 3/7: canonical substrate + IS-1 identity contract + kill experiment,02/Sep/26 6:54 PM,Review,Mr. XS,712020:30691b85-94e0-4498-bbb6-f1f2c6cf621d,Mr. XS,712020:30691b85-94e0-4498-bbb6-f1f2c6cf621d,Medium,,02/Sep/26 10:59 PM,
Task,KRYL-1255,13831,CF Fabric 2/7: CF-001..CF-010 convergence pass (record-only),02/Sep/26 6:54 PM,Review,Mr. XS,712020:30691b85-94e0-4498-bbb6-f1f2c6cf621d,Mr. XS,712020:30691b85-94e0-4498-bbb6-f1f2c6cf621d,Medium,,02/Sep/26 10:59 PM,
Task,KRYL-1254,13830,CF Fabric 1/7: CF-002 <-> IS-1..IS-6 architecture reconciliation (7 rulings),02/Sep/26 6:54 PM,Review,Mr. XS,712020:30691b85-94e0-4498-bbb6-f1f2c6cf621d,Mr. XS,712020:30691b85-94e0-4498-bbb6-f1f2c6cf621d,Medium,,02/Sep/26 10:59 PM,
Task,KRYL-1253,13829,DEF-1253: Opportunity Ribbon ticker stutters on cone-surface view - full-screen feed iframe uses shaped clip-path,02/Sep/26 4:29 AM,Ready,Mr. XS,712020:30691b85-94e0-4498-bbb6-f1f2c6cf621d,Mr. XS,712020:30691b85-94e0-4498-bbb6-f1f2c6cf621d,Medium,,02/Sep/26 10:49 PM,
Task,KRYL-1252,13828,Wire the Formation nav surface into Analysis (canonical formation_id handoff),01/Sep/26 3:40 PM,Ready,Mr. XS,712020:30691b85-94e0-4498-bbb6-f1f2c6cf621d,Mr. XS,712020:30691b85-94e0-4498-bbb6-f1f2c6cf621d,Medium,,01/Sep/26 3:40 PM,
Task,KRYL-1251,13827,Live ticker strip on the Home / surface view,01/Sep/26 6:12 AM,Review,Mr. XS,712020:30691b85-94e0-4498-bbb6-f1f2c6cf621d,Mr. XS,712020:30691b85-94e0-4498-bbb6-f1f2c6cf621d,Medium,,01/Sep/26 3:27 PM,
Task,KRYL-1250,13826,"Intelligence Brief premium gate: default UNLOCKED, persist the toggle",01/Sep/26 6:12 AM,Review,Mr. XS,712020:30691b85-94e0-4498-bbb6-f1f2c6cf621d,Mr. XS,712020:30691b85-94e0-4498-bbb6-f1f2c6cf621d,Medium,,01/Sep/26 6:24 AM,
Task,KRYL-1249,13825,FORMATION IS NOT A VERDICT — constitutional doctrine + decision-gate contamination pass,01/Sep/26 6:12 AM,Review,Mr. XS,712020:30691b85-94e0-4498-bbb6-f1f2c6cf621d,Mr. XS,712020:30691b85-94e0-4498-bbb6-f1f2c6cf621d,Medium,,01/Sep/26 6:24 AM,
Task,KRYL-1248,13824,CF Kill Experiment — measure ΔV_structural vs ΔC per workload class,31/Aug/26 6:52 PM,Review,Mr. XS,712020:30691b85-94e0-4498-bbb6-f1f2c6cf621d,Mr. XS,712020:30691b85-94e0-4498-bbb6-f1f2c6cf621d,Medium,,02/Sep/26 6:54 PM,
Task,KRYL-1247,13823,Remove the FloatingToolbar lens ribbon (7 buttons collapse to 0 - Track 1 audit),31/Aug/26 2:17 PM,Review,Mr. XS,712020:30691b85-94e0-4498-bbb6-f1f2c6cf621d,Mr. XS,712020:30691b85-94e0-4498-bbb6-f1f2c6cf621d,Medium,,31/Aug/26 2:21 PM,
Task,KRYL-1246,13822,TRENDING: scope chips to the resolved subject / field so they agree with packet SIGNAL,31/Aug/26 11:18 AM,Review,Mr. XS,712020:30691b85-94e0-4498-bbb6-f1f2c6cf621d,Mr. XS,712020:30691b85-94e0-4498-bbb6-f1f2c6cf621d,Medium,,31/Aug/26 1:31 PM,
Task,KRYL-1243,13819,Structural Field Map — replace FORENSIC MATRIX FIELDS (SLAB INTERSECT) with the six-domain radial polygon,31/Aug/26 8:47 AM,Review,Mr. XS,712020:30691b85-94e0-4498-bbb6-f1f2c6cf621d,Mr. XS,712020:30691b85-94e0-4498-bbb6-f1f2c6cf621d,Medium,,31/Aug/26 9:50 AM,
Task,KRYL-1242,13818,DEF: Export Brief KPI 'Signal' shows ambient Happy Path peakScore for a subject with no bound evidence,31/Aug/26 8:10 AM,Review,Mr. XS,712020:30691b85-94e0-4498-bbb6-f1f2c6cf621d,Mr. XS,712020:30691b85-94e0-4498-bbb6-f1f2c6cf621d,Medium,,31/Aug/26 9:19 AM,
Task,KRYL-1241,13817,DEF: TRENDING chips derived from query fragments instead of the observation substrate,31/Aug/26 8:10 AM,Review,Mr. XS,712020:30691b85-94e0-4498-bbb6-f1f2c6cf621d,Mr. XS,712020:30691b85-94e0-4498-bbb6-f1f2c6cf621d,Medium,,31/Aug/26 9:19 AM,
Task,KRYL-1240,13816,DEF: G2 visual dissonance — Conflict / UNRESOLVED_NO_RANKING states render like a routine resolved finding,31/Aug/26 7:23 AM,Review,Mr. XS,712020:30691b85-94e0-4498-bbb6-f1f2c6cf621d,Mr. XS,712020:30691b85-94e0-4498-bbb6-f1f2c6cf621d,Medium,,31/Aug/26 2:21 PM,
Task,KRYL-1239,13815,"DEF-1239: Export Brief / Main Packet state leak — raw-query strings in subject/lens, cross-session mismatch",30/Aug/26 7:44 PM,In Progress,Mr. XS,712020:30691b85-94e0-4498-bbb6-f1f2c6cf621d,Mr. XS,712020:30691b85-94e0-4498-bbb6-f1f2c6cf621d,Medium,,31/Aug/26 7:23 AM,
Task,KRYL-1238,13814,DEF-1238: registry name substituted for the real subject (comparator/context) + DECISION_FRAME discards candidate clues,30/Aug/26 7:44 PM,In Progress,Mr. XS,712020:30691b85-94e0-4498-bbb6-f1f2c6cf621d,Mr. XS,712020:30691b85-94e0-4498-bbb6-f1f2c6cf621d,Medium,,31/Aug/26 7:23 AM,
Task,KRYL-1237,13813,DEF-1237: subject named inside a deal-blob submission not resolved as the Subject (Oriole Networks fixture),30/Aug/26 7:44 PM,In Progress,Mr. XS,712020:30691b85-94e0-4498-bbb6-f1f2c6cf621d,Mr. XS,712020:30691b85-94e0-4498-bbb6-f1f2c6cf621d,Medium,,31/Aug/26 7:23 AM,
Task,KRYL-1236,13812,Frame Classification & Anchoring — stage 1: class-native remediation surface over an unresolved input,30/Aug/26 7:44 PM,In Progress,Mr. XS,712020:30691b85-94e0-4498-bbb6-f1f2c6cf621d,Mr. XS,712020:30691b85-94e0-4498-bbb6-f1f2c6cf621d,Medium,,31/Aug/26 6:53 AM,
Bug,KRYL-1235,13811,DEFECT: legacy advisory shell (PRIMARY SIGNAL / FORMATION proxy paths / BRIEF column / ACTION MATRIX / PROVENANCE) contradicts the honest 01 ANALYSIS; quarantine synthGeneral from the WO-5B formation path,30/Aug/26 11:55 AM,Ready,Mr. XS,712020:30691b85-94e0-4498-bbb6-f1f2c6cf621d,Mr. XS,712020:30691b85-94e0-4498-bbb6-f1f2c6cf621d,Medium,,30/Aug/26 5:11 PM,
Bug,KRYL-1234,13810,"WO-5B: Subject Binding — A(d, Subject), the subject-centered perception surface",30/Aug/26 11:15 AM,In Progress,Mr. XS,712020:30691b85-94e0-4498-bbb6-f1f2c6cf621d,Mr. XS,712020:30691b85-94e0-4498-bbb6-f1f2c6cf621d,Medium,,30/Aug/26 11:51 AM,
Bug,KRYL-1233,13809,WO-1D: FEC / independent-expenditure — CAPITAL flow + MEDIA attention-pressure facets,30/Aug/26 8:48 AM,In Progress,Mr. XS,712020:30691b85-94e0-4498-bbb6-f1f2c6cf621d,Mr. XS,712020:30691b85-94e0-4498-bbb6-f1f2c6cf621d,Medium,,30/Aug/26 10:00 AM,
Bug,KRYL-1232,13808,WO-1C: Census distinct-facet producers — LABOR / OWNERSHIP,30/Aug/26 8:48 AM,In Progress,Mr. XS,712020:30691b85-94e0-4498-bbb6-f1f2c6cf621d,Mr. XS,712020:30691b85-94e0-4498-bbb6-f1f2c6cf621d,Medium,,30/Aug/26 10:00 AM,
Bug,KRYL-1231,13807,WO-1B: PatentsView distinct-facet producers — TECH / OWNERSHIP / CAPITAL,30/Aug/26 8:48 AM,In Progress,Mr. XS,712020:30691b85-94e0-4498-bbb6-f1f2c6cf621d,Mr. XS,712020:30691b85-94e0-4498-bbb6-f1f2c6cf621d,Medium,,30/Aug/26 9:49 AM,
Bug,KRYL-1230,13806,WO-1A: Domain Signal Source Wiring — the ordinary source->facet->provenance->normalized-signal path,30/Aug/26 8:19 AM,In Progress,Mr. XS,712020:30691b85-94e0-4498-bbb6-f1f2c6cf621d,Mr. XS,712020:30691b85-94e0-4498-bbb6-f1f2c6cf621d,Medium,,30/Aug/26 8:44 AM,
Bug,KRYL-1229,13805,"WO-5: SIGNAL panel renders authored I_d measures from signalDefs - value or classified absence, never fabricated",30/Aug/26 3:04 AM,In Progress,Mr. XS,712020:30691b85-94e0-4498-bbb6-f1f2c6cf621d,Mr. XS,712020:30691b85-94e0-4498-bbb6-f1f2c6cf621d,Medium,,30/Aug/26 3:30 AM,
Bug,KRYL-1228,13804,DEF-1228: DEFECT-WO1-CONF — normalize confidence to 0-100 at the connector->substrate boundary,29/Aug/26 7:53 PM,Ready,Mr. XS,712020:30691b85-94e0-4498-bbb6-f1f2c6cf621d,Mr. XS,712020:30691b85-94e0-4498-bbb6-f1f2c6cf621d,Medium,,31/Aug/26 7:23 AM,
Task,KRYL-1227,13803,"Mount the completion-chip routing controls (capital floor, rules editor, lens selector)",29/Aug/26 9:19 AM,Ready,Mr. XS,712020:30691b85-94e0-4498-bbb6-f1f2c6cf621d,Mr. XS,712020:30691b85-94e0-4498-bbb6-f1f2c6cf621d,Medium,,29/Aug/26 9:19 AM,
Epic,KRYL-1226,13802,Formation Guest Model,29/Aug/26 5:58 AM,Ready,Mr. XS,712020:30691b85-94e0-4498-bbb6-f1f2c6cf621d,Mr. XS,712020:30691b85-94e0-4498-bbb6-f1f2c6cf621d,Medium,,29/Aug/26 6:01 AM,
Task,KRYL-1225,13801,Formation Forecast Boundary,28/Aug/26 1:30 PM,Ready,Mr. XS,712020:30691b85-94e0-4498-bbb6-f1f2c6cf621d,Mr. XS,712020:30691b85-94e0-4498-bbb6-f1f2c6cf621d,Medium,,29/Aug/26 5:58 AM,
Task,KRYL-1224,13800,"Cone Field: the 3-second read (direction, persistence, co-movement)",28/Aug/26 1:20 PM,Ready,Mr. XS,712020:30691b85-94e0-4498-bbb6-f1f2c6cf621d,Mr. XS,712020:30691b85-94e0-4498-bbb6-f1f2c6cf621d,Medium,,29/Aug/26 5:58 AM,
Task,KRYL-1223,13799,Formation Story Type Classification,28/Aug/26 1:18 PM,Ready,Mr. XS,712020:30691b85-94e0-4498-bbb6-f1f2c6cf621d,Mr. XS,712020:30691b85-94e0-4498-bbb6-f1f2c6cf621d,Medium,,29/Aug/26 5:58 AM,
Task,KRYL-1222,13798,Completion chips — prescriptive 'what's missing' chips on Analysis search,28/Aug/26 8:39 AM,Ready,Mr. XS,712020:30691b85-94e0-4498-bbb6-f1f2c6cf621d,Mr. XS,712020:30691b85-94e0-4498-bbb6-f1f2c6cf621d,Medium,,29/Aug/26 5:58 AM,
Task,KRYL-1221,13797,Query context parsed repeatedly per-surface instead of established once at intake,28/Aug/26 5:26 AM,Ready,Mr. XS,712020:30691b85-94e0-4498-bbb6-f1f2c6cf621d,Mr. XS,712020:30691b85-94e0-4498-bbb6-f1f2c6cf621d,Medium,,29/Aug/26 5:58 AM,
Task,KRYL-1220,13796,"Happy Path metrics / Target Packet have no bridge to closed-loop engine analytical detail, only ambient domain pressure",27/Aug/26 9:43 AM,Ready,Mr. XS,712020:30691b85-94e0-4498-bbb6-f1f2c6cf621d,Mr. XS,712020:30691b85-94e0-4498-bbb6-f1f2c6cf621d,Medium,,27/Aug/26 9:43 AM,
Task,KRYL-1219,13795,"Cone field / Inspection Panel: subject-scoped domain data, or ambient signal only? (cones are the primary interaction surface)",27/Aug/26 9:16 AM,Ready,Mr. XS,712020:30691b85-94e0-4498-bbb6-f1f2c6cf621d,Mr. XS,712020:30691b85-94e0-4498-bbb6-f1f2c6cf621d,Medium,,27/Aug/26 11:44 AM,
Task,KRYL-1218,13794,"Homepage query synthesis discards financial constructs, routes rich queries to GENERAL template",27/Aug/26 9:12 AM,Ready,Mr. XS,712020:30691b85-94e0-4498-bbb6-f1f2c6cf621d,Mr. XS,712020:30691b85-94e0-4498-bbb6-f1f2c6cf621d,Medium,,27/Aug/26 9:12 AM,
Task,KRYL-1217,13793,"Cone-Surface Encoding — full 5-condition per-domain composition (deferred, data-incomplete)",25/Aug/26 7:09 PM,Ready,Mr. XS,712020:30691b85-94e0-4498-bbb6-f1f2c6cf621d,Mr. XS,712020:30691b85-94e0-4498-bbb6-f1f2c6cf621d,Medium,,25/Aug/26 7:09 PM,
Task,KRYL-1216,13792,"Cone-Surface Encoding — wire real Magnitude/Cohesion/Velocity bands (SPEC I section 6, partial/honest scope)",25/Aug/26 7:08 PM,Ready,Mr. XS,712020:30691b85-94e0-4498-bbb6-f1f2c6cf621d,Mr. XS,712020:30691b85-94e0-4498-bbb6-f1f2c6cf621d,Medium,,25/Aug/26 7:08 PM,
Task,KRYL-1215,13791,Implement r0-r3 halo hierarchy on the live INVESTIGATE surface (RESOLVE spatial prerequisite),25/Aug/26 6:42 PM,Ready,Mr. XS,712020:30691b85-94e0-4498-bbb6-f1f2c6cf621d,Mr. XS,712020:30691b85-94e0-4498-bbb6-f1f2c6cf621d,Medium,,25/Aug/26 6:42 PM,
Task,KRYL-1214,13790,"InspectionPanel STATS stay domain-generic after entity assignment, 3D cone does not (defect, investigate post-build)",25/Aug/26 5:42 PM,Ready,Mr. XS,712020:30691b85-94e0-4498-bbb6-f1f2c6cf621d,Mr. XS,712020:30691b85-94e0-4498-bbb6-f1f2c6cf621d,Medium,,25/Aug/26 5:42 PM,
Task,KRYL-1212,13788,Six-Lens SEE-state per-domain epistemic aggregate — data model ungrounded (design decision #7),25/Aug/26 1:26 PM,Ready,Mr. XS,712020:30691b85-94e0-4498-bbb6-f1f2c6cf621d,Mr. XS,712020:30691b85-94e0-4498-bbb6-f1f2c6cf621d,Medium,,25/Aug/26 1:58 PM,
Task,KRYL-1209,13785,Six-Lens Perceptual & Revelation Contract — Engineering Review Package,25/Aug/26 9:32 AM,Ready,Mr. XS,712020:30691b85-94e0-4498-bbb6-f1f2c6cf621d,Mr. XS,712020:30691b85-94e0-4498-bbb6-f1f2c6cf621d,Medium,,25/Aug/26 1:59 PM,
Task,KRYL-1208,13784,Data Tap -> Surface Map: KRYL-1207 guest-facing consumption plan (2 real gaps identified),24/Aug/26 5:04 AM,Ready,Mr. XS,712020:30691b85-94e0-4498-bbb6-f1f2c6cf621d,Mr. XS,712020:30691b85-94e0-4498-bbb6-f1f2c6cf621d,Medium,,24/Aug/26 5:04 AM,
Task,KRYL-1207,13783,"Salience Adjudication Contract — Conflict handling resolved, candidate selection unresolved (A/B/C decision pending)",23/Aug/26 6:06 PM,Ready,Mr. XS,712020:30691b85-94e0-4498-bbb6-f1f2c6cf621d,Mr. XS,712020:30691b85-94e0-4498-bbb6-f1f2c6cf621d,Medium,,23/Aug/26 7:30 PM,
Task,KRYL-1206,13782,Candidate Evidence Preservation (Legibility Candidate Contract) — WO-A of KRYL-1205's C classification,23/Aug/26 1:10 PM,Ready,Mr. XS,712020:30691b85-94e0-4498-bbb6-f1f2c6cf621d,Mr. XS,712020:30691b85-94e0-4498-bbb6-f1f2c6cf621d,Medium,,23/Aug/26 2:53 PM,
Task,KRYL-1205,13781,Spike: Perceptual Realism discovery (persistence + Formation legibility + salience) — DISCOVERY COMPLETE,23/Aug/26 12:42 PM,Ready,Mr. XS,712020:30691b85-94e0-4498-bbb6-f1f2c6cf621d,Mr. XS,712020:30691b85-94e0-4498-bbb6-f1f2c6cf621d,Medium,,23/Aug/26 12:42 PM,
Task,KRYL-1204,13780,Targeted Connector Invocation Adapter — Observation Request to real connector call translation,23/Aug/26 3:05 AM,Ready,Mr. XS,712020:30691b85-94e0-4498-bbb6-f1f2c6cf621d,Mr. XS,712020:30691b85-94e0-4498-bbb6-f1f2c6cf621d,Medium,,27/Aug/26 8:28 AM,
Task,KRYL-1203,13747,Evidence Admission Gate (proposed name) — the missing SIL admission mechanism blocking KRYL-1170/KRYL-1202,22/Aug/26 9:30 PM,Ready,Mr. XS,712020:30691b85-94e0-4498-bbb6-f1f2c6cf621d,Mr. XS,712020:30691b85-94e0-4498-bbb6-f1f2c6cf621d,Medium,,27/Aug/26 8:28 AM,
Task,KRYL-1202,13746,Formation-Driven Closed-Loop Perception — Formation as automatic query generator for targeted re-observation,22/Aug/26 8:50 PM,Ready,Mr. XS,712020:30691b85-94e0-4498-bbb6-f1f2c6cf621d,Mr. XS,712020:30691b85-94e0-4498-bbb6-f1f2c6cf621d,Medium,,27/Aug/26 8:28 AM,
Task,KRYL-1199,13743,Relation Migration Integration Audit — relationmigration.js status,22/Aug/26 8:40 AM,Ready,Mr. XS,712020:30691b85-94e0-4498-bbb6-f1f2c6cf621d,Mr. XS,712020:30691b85-94e0-4498-bbb6-f1f2c6cf621d,Medium,,22/Aug/26 8:40 AM,
Task,KRYL-1197,13741,"Built-but-unwired connectors: companieshouseconnector, edgarnarrativeconnector, eiatofadapter, waybackconnector",22/Aug/26 7:42 AM,Ready,Mr. XS,712020:30691b85-94e0-4498-bbb6-f1f2c6cf621d,Mr. XS,712020:30691b85-94e0-4498-bbb6-f1f2c6cf621d,Medium,,22/Aug/26 7:42 AM,
Task,KRYL-1193,13737,Sector Validation Matrix — Primitive A structural detection (18 cases),22/Aug/26 5:54 AM,Ready,Mr. XS,712020:30691b85-94e0-4498-bbb6-f1f2c6cf621d,Mr. XS,712020:30691b85-94e0-4498-bbb6-f1f2c6cf621d,Medium,,22/Aug/26 5:54 AM,
Epic,KRYL-1192,13736,Platforms Roadmap - architectural control plane (Relationship Admission -> Formation -> Structure Map + Platform Framework Sequence),20/Aug/26 5:11 AM,Ready,Mr. XS,712020:30691b85-94e0-4498-bbb6-f1f2c6cf621d,Mr. XS,712020:30691b85-94e0-4498-bbb6-f1f2c6cf621d,Medium,,20/Aug/26 5:11 AM,
Task,KRYL-1191,13735,"External-claims audit — MassChallenge application (7-bucket sweep, full classification)",17/Aug/26 6:42 AM,Ready,,,Mr. XS,712020:30691b85-94e0-4498-bbb6-f1f2c6cf621d,Medium,,17/Aug/26 12:29 PM,
Task,KRYL-1190,13734,[SPEC — open decisions pending] Marquee Screen: hard-wire GuestGate as pre-Layer-1 gate + relocate Hero Headline Rotation,16/Aug/26 10:57 AM,Ready,,,Mr. XS,712020:30691b85-94e0-4498-bbb6-f1f2c6cf621d,Medium,,16/Aug/26 11:10 AM,
Task,KRYL-1173,13717,KRYLO Lean Ontology Adoption & Closure (COMPLETE),11/Aug/26 6:13 PM,Review,,,Mr. XS,712020:30691b85-94e0-4498-bbb6-f1f2c6cf621d,Medium,,17/Aug/26 1:07 PM,
Task,KRYL-1172,13716,"TRENDING chip relevance fixes + InspectionPanel boundary contract (COMPLETE, commit 0518a78)",11/Aug/26 6:04 PM,Review,,,Mr. XS,712020:30691b85-94e0-4498-bbb6-f1f2c6cf621d,Medium,,17/Aug/26 1:07 PM,
Task,KRYL-1171,13715,Replace OBSERVE default view with guest-first 2D signal story (was: cluttered 3D cone map),09/Aug/26 2:53 PM,Ready,,,Mr. XS,712020:30691b85-94e0-4498-bbb6-f1f2c6cf621d,Medium,,09/Aug/26 2:53 PM,
Task,KRYL-1170,13714,CEPH-001 x KRYLCF reconciliation — SIL routing gap + arbitration naming collision,09/Aug/26 2:28 PM,Ready,,,Mr. XS,712020:30691b85-94e0-4498-bbb6-f1f2c6cf621d,Medium,,22/Aug/26 9:31 PM,
Task,KRYL-1169,13713,"Cone Transition Reconciliation — Hero(3)->Surface(6) jerky/misaligned motion, consolidates KRYL-1158/1159",09/Aug/26 8:33 AM,Ready,,,Mr. XS,712020:30691b85-94e0-4498-bbb6-f1f2c6cf621d,Medium,,09/Aug/26 8:33 AM,
Task,KRYL-1168,13712,Revert KRYL-1167 auto-activation (caused jerky cone motion) + cone height -5%,08/Aug/26 8:57 PM,Ready,Mr. XS,712020:30691b85-94e0-4498-bbb6-f1f2c6cf621d,Mr. XS,712020:30691b85-94e0-4498-bbb6-f1f2c6cf621d,Medium,,08/Aug/26 8:57 PM,
Task,KRYL-1167,13711,FloatingToolbar lens click activates Surface via same setSurfaceActivated krylo-submit uses,08/Aug/26 8:41 PM,Ready,Mr. XS,712020:30691b85-94e0-4498-bbb6-f1f2c6cf621d,Mr. XS,712020:30691b85-94e0-4498-bbb6-f1f2c6cf621d,Medium,,08/Aug/26 8:41 PM,
Task,KRYL-1166,13710,FloatingToolbar back to surfaceExpanded + viewportLens reaches pre-activation cone map,08/Aug/26 8:17 PM,Ready,Mr. XS,712020:30691b85-94e0-4498-bbb6-f1f2c6cf621d,Mr. XS,712020:30691b85-94e0-4498-bbb6-f1f2c6cf621d,Medium,,08/Aug/26 8:17 PM,
Task,KRYL-1165,13709,FloatingToolbar gate: surfaceExpanded -> surfaceActivated (match AnalysisField),08/Aug/26 8:08 PM,Ready,Mr. XS,712020:30691b85-94e0-4498-bbb6-f1f2c6cf621d,Mr. XS,712020:30691b85-94e0-4498-bbb6-f1f2c6cf621d,Medium,,08/Aug/26 8:08 PM,
Task,KRYL-1164,13708,FloatingToolbar visibility gate: surfaceActivated -> surfaceExpanded,08/Aug/26 7:58 PM,Ready,Mr. XS,712020:30691b85-94e0-4498-bbb6-f1f2c6cf621d,Mr. XS,712020:30691b85-94e0-4498-bbb6-f1f2c6cf621d,Medium,,08/Aug/26 7:58 PM,
Bug,KRYL-1163,13707,FloatingToolbar (KRYL-1034) lens buttons unresponsive to click — z-index/pointer-events hardening,08/Aug/26 6:07 PM,Ready,,,Mr. XS,712020:30691b85-94e0-4498-bbb6-f1f2c6cf621d,Medium,,08/Aug/26 10:02 PM,
Task,KRYL-1162,13706,Declared Leverage Target Tracking (Declared-Structure -> Observed-Response loop),08/Aug/26 3:49 AM,Ready,,,Mr. XS,712020:30691b85-94e0-4498-bbb6-f1f2c6cf621d,Medium,,08/Aug/26 3:49 AM,
Bug,KRYL-1161,13705,[P1] WebGL context lost + recovery failure on Surface (ConeMap render),08/Aug/26 3:07 AM,Ready,,,Mr. XS,712020:30691b85-94e0-4498-bbb6-f1f2c6cf621d,Highest,,08/Aug/26 3:07 AM,
Task,KRYL-1160,13704,Strict Validation Gate — Six-Cone Perception Release Qualification,05/Aug/26 7:30 AM,Ready,,,Mr. XS,712020:30691b85-94e0-4498-bbb6-f1f2c6cf621d,Highest,,05/Aug/26 7:30 AM,
Task,KRYL-1159,13703,Replacement Architecture Completion Criteria,05/Aug/26 7:30 AM,Ready,,,Mr. XS,712020:30691b85-94e0-4498-bbb6-f1f2c6cf621d,Highest,,09/Aug/26 8:34 AM,
Task,KRYL-1158,13702,Replace ConeMap Runtime with Fault-Tolerant Perception Surface Architecture,05/Aug/26 7:30 AM,Ready,,,Mr. XS,712020:30691b85-94e0-4498-bbb6-f1f2c6cf621d,Highest,,09/Aug/26 8:34 AM,
Task,KRYL-1149,13693,Enforce: HUMAN-002 invariant + regression suite,04/Aug/26 8:12 AM,Ready,,,Mr. XS,712020:30691b85-94e0-4498-bbb6-f1f2c6cf621d,Medium,,04/Aug/26 8:12 AM,
Task,KRYL-1148,13692,Build: Why no conclusion? panel,04/Aug/26 8:12 AM,Ready,,,Mr. XS,712020:30691b85-94e0-4498-bbb6-f1f2c6cf621d,Medium,,04/Aug/26 8:12 AM,
Task,KRYL-1147,13691,Build: Withhold Adapter component (translation layer),04/Aug/26 8:12 AM,Ready,,,Mr. XS,712020:30691b85-94e0-4498-bbb6-f1f2c6cf621d,Medium,,04/Aug/26 8:12 AM,
Task,KRYL-1146,13690,Design: 4 withhold UX patterns (no evidence / ambiguous / insufficient confidence / valid structure),04/Aug/26 8:12 AM,Ready,,,Mr. XS,712020:30691b85-94e0-4498-bbb6-f1f2c6cf621d,Medium,,04/Aug/26 8:12 AM,
Task,KRYL-1145,13689,Design: Guest Outcome Contract translation schema,04/Aug/26 8:12 AM,Ready,,,Mr. XS,712020:30691b85-94e0-4498-bbb6-f1f2c6cf621d,Medium,,04/Aug/26 8:12 AM,
Task,KRYL-1144,13688,Audit: locate all raw engine-state render points in guest-facing surfaces,04/Aug/26 8:12 AM,Ready,,,Mr. XS,712020:30691b85-94e0-4498-bbb6-f1f2c6cf621d,Medium,,04/Aug/26 8:12 AM,
Bug,KRYL-1143,13687,Guest-Facing Language for Withheld/Low-Confidence States (raw engine states leaking to UI),04/Aug/26 7:27 AM,Ready,,,Mr. XS,712020:30691b85-94e0-4498-bbb6-f1f2c6cf621d,Medium,,04/Aug/26 8:12 AM,
Task,KRYL-1142,13686,Wire Feedback/Calibration Loop Live + Detection-Time Historical Pattern Surfacing,04/Aug/26 6:58 AM,Ready,,,Mr. XS,712020:30691b85-94e0-4498-bbb6-f1f2c6cf621d,Medium,,04/Aug/26 6:58 AM,
Task,KRYL-1141,13685,"Lens/Surface Charting Overhaul -- Analysis, Planning, Execution",04/Aug/26 5:51 AM,Ready,,,Mr. XS,712020:30691b85-94e0-4498-bbb6-f1f2c6cf621d,Medium,,04/Aug/26 5:51 AM,
Bug,KRYL-1140,13684,Domain Taxonomy Drift -- Multiple Components Bypass Canonical Ontology (TOP PRIORITY),04/Aug/26 5:46 AM,Ready,,,Mr. XS,712020:30691b85-94e0-4498-bbb6-f1f2c6cf621d,Highest,,04/Aug/26 5:57 AM,
Task,KRYL-1139,13683,Structural Memory + CER / Waypoint Fabric -- Architecture Candidate,03/Aug/26 7:35 PM,Ready,,,Mr. XS,712020:30691b85-94e0-4498-bbb6-f1f2c6cf621d,Medium,,04/Aug/26 8:48 AM,
Task,KRYL-1138,13682,Cognitive Mesh -- Boundary Reconciliation (KRYL-CF-006A),02/Aug/26 2:49 PM,Ready,,,Mr. XS,712020:30691b85-94e0-4498-bbb6-f1f2c6cf621d,Medium,,02/Aug/26 2:49 PM,
Task,KRYL-1137,13681,Cognitive Mesh -- Relationship Topology Model (v0.1),02/Aug/26 2:25 PM,Ready,,,Mr. XS,712020:30691b85-94e0-4498-bbb6-f1f2c6cf621d,Medium,,02/Aug/26 2:25 PM,
Epic,KRYL-1136,13680,Cognitive Mesh -- Primitive Doctrine & Formal Core (v0.4),02/Aug/26 2:24 PM,Ready,,,Mr. XS,712020:30691b85-94e0-4498-bbb6-f1f2c6cf621d,,,02/Aug/26 2:24 PM,
Task,KRYL-1134,13678,WO-2049 Truth Event Ledger -- Capability Reconciliation & Gap Analysis,02/Aug/26 12:22 PM,Ready,,,Mr. XS,712020:30691b85-94e0-4498-bbb6-f1f2c6cf621d,Medium,,02/Aug/26 12:22 PM,
Task,KRYL-1133,13677,RKM Genealogy Admission Policy,02/Aug/26 8:01 AM,Ready,,,Mr. XS,712020:30691b85-94e0-4498-bbb6-f1f2c6cf621d,Medium,,02/Aug/26 8:01 AM,
Task,KRYL-1132,13676,Implement Subsignal Fan-Out Substrate Boundary,01/Aug/26 5:33 PM,Ready,,,Mr. XS,712020:30691b85-94e0-4498-bbb6-f1f2c6cf621d,Medium,,01/Aug/26 5:33 PM,
Task,KRYL-1131,13675,Market Breadth Adapter -- D/V/A/T vector input for existing convergence classifier,01/Aug/26 7:30 AM,Ready,,,Mr. XS,712020:30691b85-94e0-4498-bbb6-f1f2c6cf621d,Medium,,01/Aug/26 7:30 AM,
Task,KRYL-1130,13674,"Commitment Intensity (theta) -- actor commitment observable, candidate primitive",01/Aug/26 6:41 AM,Ready,,,Mr. XS,712020:30691b85-94e0-4498-bbb6-f1f2c6cf621d,Medium,,01/Aug/26 6:41 AM,
Task,KRYL-1129,13673,"Expectation Registry Governance — spec, not build-ready",01/Aug/26 6:40 AM,Ready,,,Mr. XS,712020:30691b85-94e0-4498-bbb6-f1f2c6cf621d,Medium,,01/Aug/26 6:40 AM,
Task,KRYL-1128,13672,"Structural Delta Encoding (Absence Encoding Primitive) — spec, not build-ready",01/Aug/26 6:40 AM,Ready,,,Mr. XS,712020:30691b85-94e0-4498-bbb6-f1f2c6cf621d,Medium,,01/Aug/26 6:40 AM,
Task,KRYL-1127,13671,Architecture: Qualification Contract — standardize how subsystems express epistemic posture,31/Jul/26 1:52 PM,Ready,,,Mr. XS,712020:30691b85-94e0-4498-bbb6-f1f2c6cf621d,Medium,,31/Jul/26 1:52 PM,
Task,KRYL-1126,13670,Scenario Kernel — Analytical Plane split from Structural Integrity Layer v0.2,29/Jul/26 6:41 PM,Ready,,,Mr. XS,712020:30691b85-94e0-4498-bbb6-f1f2c6cf621d,High,,29/Jul/26 8:57 PM,
Task,KRYL-1125,13663,Export validity does not consume authoritative provenance state (aka tester log KRYL-DEFECT-0001),28/Jul/26 8:09 PM,Ready,,,Mr. XS,712020:30691b85-94e0-4498-bbb6-f1f2c6cf621d,High,,29/Jul/26 10:12 AM,
Bug,KRYL-1123,13661,P1: WebGL context loss crash - forceContextLoss called on already-lost context,28/Jul/26 7:10 AM,Ready,,,Mr. XS,712020:30691b85-94e0-4498-bbb6-f1f2c6cf621d,Highest,,28/Jul/26 7:10 AM,
Bug,KRYL-1122,13660,DEF: UI viewport blackout on search initiation,28/Jul/26 6:01 AM,Review,,,Mr. XS,712020:30691b85-94e0-4498-bbb6-f1f2c6cf621d,Medium,,28/Jul/26 6:37 AM,
Bug,KRYL-1121,13659,DEF: CORS response header rejections (70x) blocking client-daemon fetches,28/Jul/26 6:01 AM,In Progress,,,Mr. XS,712020:30691b85-94e0-4498-bbb6-f1f2c6cf621d,Medium,,28/Jul/26 6:35 AM,
Bug,KRYL-1120,13658,DEF: Ingestion JSON parse failure - daemon.js res.json() on empty response,28/Jul/26 6:01 AM,In Progress,,,Mr. XS,712020:30691b85-94e0-4498-bbb6-f1f2c6cf621d,Medium,,28/Jul/26 6:35 AM,
Bug,KRYL-1119,13657,DEF: WebGL context exhaustion causing black screen / all search broken,28/Jul/26 6:01 AM,Review,,,Mr. XS,712020:30691b85-94e0-4498-bbb6-f1f2c6cf621d,Medium,,28/Jul/26 6:37 AM,
Task,KRYL-1118,13656,KRYL-1117A — Lens Report Architecture Alignment (Lens Report Contract),25/Jul/26 2:59 PM,Ready,,,Mr. XS,712020:30691b85-94e0-4498-bbb6-f1f2c6cf621d,Medium,,25/Jul/26 2:59 PM,
Epic,KRYL-1117,13655,Formation Inference Layer — Structural Intelligence Prospectus,25/Jul/26 1:08 PM,Ready,,,Mr. XS,712020:30691b85-94e0-4498-bbb6-f1f2c6cf621d,Medium,,25/Jul/26 1:08 PM,
Task,KRYL-1116,13654,Sell Layer — The Scouting Report (OPPORTUNITY lens): lens contract + five-lens rollup + native surface,24/Jul/26 4:27 PM,Ready,,,Mr. XS,712020:30691b85-94e0-4498-bbb6-f1f2c6cf621d,Medium,,24/Jul/26 4:27 PM,
Task,KRYL-1114,13620,KRYL-1097 follow-on - end-to-end browser replay UAT,23/Jul/26 10:01 AM,Ready,,,Mr. XS,712020:30691b85-94e0-4498-bbb6-f1f2c6cf621d,Medium,,23/Jul/26 10:01 AM,
Task,KRYL-1093,13503,Signal reconvergence — one source event fans out into multiple domains and recombines downstream as independent evidence,20/Jul/26 9:45 AM,Ready,Mr. XS,712020:30691b85-94e0-4498-bbb6-f1f2c6cf621d,Mr. XS,712020:30691b85-94e0-4498-bbb6-f1f2c6cf621d,Medium,,20/Jul/26 9:45 AM,
Task,KRYL-1092,13502,Identity kernel had no entity awareness — any two single-source events scored 1.0 similarity,20/Jul/26 9:33 AM,Ready,Mr. XS,712020:30691b85-94e0-4498-bbb6-f1f2c6cf621d,Mr. XS,712020:30691b85-94e0-4498-bbb6-f1f2c6cf621d,Medium,,20/Jul/26 9:33 AM,
Task,KRYL-1091,13469,EDGAR 8-K to Evidence Graph adapter — the missing join that starved every evidence consumer,20/Jul/26 9:04 AM,Ready,Mr. XS,712020:30691b85-94e0-4498-bbb6-f1f2c6cf621d,Mr. XS,712020:30691b85-94e0-4498-bbb6-f1f2c6cf621d,Medium,,20/Jul/26 9:04 AM,
Task,KRYL-1090,13436,Independence Density — promote to named Perception Primitive with a binding spec card,20/Jul/26 8:44 AM,Ready,Mr. XS,712020:30691b85-94e0-4498-bbb6-f1f2c6cf621d,Mr. XS,712020:30691b85-94e0-4498-bbb6-f1f2c6cf621d,Medium,,20/Jul/26 8:44 AM,
Task,KRYL-1089,13403,P1 LIVE — Happy Path engine runs on Math.random(); mock oscillator is load-bearing on 5 production surfaces,20/Jul/26 7:18 AM,Ready,Mr. XS,712020:30691b85-94e0-4498-bbb6-f1f2c6cf621d,Mr. XS,712020:30691b85-94e0-4498-bbb6-f1f2c6cf621d,Medium,,20/Jul/26 7:18 AM,
Task,KRYL-1088,13402,"Convergence vector violates §23 Orthogonal Axis Integrity — T derived from V+A, D and A share one variable",20/Jul/26 6:54 AM,Ready,Mr. XS,712020:30691b85-94e0-4498-bbb6-f1f2c6cf621d,Mr. XS,712020:30691b85-94e0-4498-bbb6-f1f2c6cf621d,Medium,,20/Jul/26 8:15 AM,
Task,KRYL-1087,13401,Surface depth gate — entity assignment leaks a micro reading onto the macro Surface,20/Jul/26 6:30 AM,Ready,Mr. XS,712020:30691b85-94e0-4498-bbb6-f1f2c6cf621d,Mr. XS,712020:30691b85-94e0-4498-bbb6-f1f2c6cf621d,Medium,,20/Jul/26 6:30 AM,
Task,KRYL-1086,13400,CONVERGENCE lens models a definition the system does not compute,20/Jul/26 6:13 AM,Ready,Mr. XS,712020:30691b85-94e0-4498-bbb6-f1f2c6cf621d,Mr. XS,712020:30691b85-94e0-4498-bbb6-f1f2c6cf621d,Medium,,20/Jul/26 6:54 AM,
Task,KRYL-1085,13399,DEFECT — useEntitySignal renders fabricated pressure 42 on fetch failure,20/Jul/26 6:13 AM,Ready,Mr. XS,712020:30691b85-94e0-4498-bbb6-f1f2c6cf621d,Mr. XS,712020:30691b85-94e0-4498-bbb6-f1f2c6cf621d,Medium,,20/Jul/26 6:13 AM,
Task,KRYL-1084,13366,"PRESSURE lens — Vesselization Doctrine (P = nRT/V, gauge pressure % of ceiling)",19/Jul/26 6:53 PM,Ready,,,Mr. XS,712020:30691b85-94e0-4498-bbb6-f1f2c6cf621d,Medium,,19/Jul/26 6:53 PM,
Task,KRYL-1083,13365,Update licensing — Zayla (Gas Go) and Flourish,19/Jul/26 6:19 PM,Ready,,,Mr. XS,712020:30691b85-94e0-4498-bbb6-f1f2c6cf621d,Medium,,19/Jul/26 6:19 PM,
Task,KRYL-1082,13332,Skill Emergence — EvidenceGraph node emission (WORKFORCE_INTENT descriptor),18/Jul/26 7:24 AM,Ready,,,Mr. XS,712020:30691b85-94e0-4498-bbb6-f1f2c6cf621d,Medium,,18/Jul/26 7:24 AM,
Task,KRYL-1081,13331,RFA organ validation — SME precision + historical-case ACs (AR/CF/EDL/ADCL),18/Jul/26 6:26 AM,Ready,,,Mr. XS,712020:30691b85-94e0-4498-bbb6-f1f2c6cf621d,Medium,,18/Jul/26 6:26 AM,
Task,KRYL-1080,13298,Environmental Constraint Discovery & Confound Resolution Loop (ECCRL) — confounders -> constraint hypotheses (RFA),17/Jul/26 11:50 PM,Ready,,,Mr. XS,712020:30691b85-94e0-4498-bbb6-f1f2c6cf621d,Highest,,17/Jul/26 11:50 PM,
Task,KRYL-1079,13297,Environmental Invariance Engine (EIE) — do causal edges survive environmental change? (RFA),17/Jul/26 11:50 PM,Ready,,,Mr. XS,712020:30691b85-94e0-4498-bbb6-f1f2c6cf621d,Highest,,17/Jul/26 11:50 PM,
Task,KRYL-1076,13230,Gas Go — flat 2D map with station pins (replace bland single-value card),17/Jul/26 5:18 PM,Ready,,,Mr. XS,712020:30691b85-94e0-4498-bbb6-f1f2c6cf621d,Highest,,17/Jul/26 5:52 PM,
Epic,KRYL-1066,13124,Reasoning Fabric Architecture (RFA),16/Jul/26 2:28 PM,Ready,,,Mr. XS,712020:30691b85-94e0-4498-bbb6-f1f2c6cf621d,Low,,18/Jul/26 12:06 AM,
Task,KRYL-1060,13054,CAST RFC Enforcement & Boundary Validation,16/Jul/26 9:13 AM,Ready,,,Mr. XS,712020:30691b85-94e0-4498-bbb6-f1f2c6cf621d,Medium,,17/Jul/26 5:37 PM,
Task,KRYL-1059,13053,Human Observation Feedback Loop,16/Jul/26 9:13 AM,Ready,,,Mr. XS,712020:30691b85-94e0-4498-bbb6-f1f2c6cf621d,Medium,,17/Jul/26 5:37 PM,
Task,KRYL-1058,13052,ConeMap Extraction & Projection Layer,16/Jul/26 9:13 AM,Ready,,,Mr. XS,712020:30691b85-94e0-4498-bbb6-f1f2c6cf621d,Medium,,17/Jul/26 5:37 PM,
Task,KRYL-1057,13051,CAST Visualization Fixture Harness,16/Jul/26 9:13 AM,Ready,,,Mr. XS,712020:30691b85-94e0-4498-bbb6-f1f2c6cf621d,Medium,,17/Jul/26 5:37 PM,
Task,KRYL-1056,13050,ConeNodeV1 Schema Contract,16/Jul/26 9:13 AM,Ready,,,Mr. XS,712020:30691b85-94e0-4498-bbb6-f1f2c6cf621d,Medium,,17/Jul/26 5:37 PM,
Task,KRYL-1055,13049,CAST Projection Adapter (CPA),16/Jul/26 9:13 AM,Ready,,,Mr. XS,712020:30691b85-94e0-4498-bbb6-f1f2c6cf621d,Medium,,17/Jul/26 5:37 PM,
Epic,KRYL-1054,13048,CAST — Structural Edge Projection & Surface Navigation Layer,16/Jul/26 9:04 AM,Ready,,,Mr. XS,712020:30691b85-94e0-4498-bbb6-f1f2c6cf621d,Low,,17/Jul/26 5:52 PM,
Task,KRYL-1053,13047,FLOW + OPPORTUNITY lens producers (KRYL-1034 remainder),16/Jul/26 8:57 AM,Ready,,,Mr. XS,712020:30691b85-94e0-4498-bbb6-f1f2c6cf621d,Medium,,17/Jul/26 5:37 PM,
Task,KRYL-1049,12979,Stock Vetting → KRYLO Intel (lineage; already absorbed) + Leverage Theorem + cathedral caution,15/Jul/26 8:15 PM,Ready,,,Mr. XS,712020:30691b85-94e0-4498-bbb6-f1f2c6cf621d,Medium,,17/Jul/26 5:37 PM,
Task,KRYL-1048,12978,Primitive Event / IPR — interaction-layer contract + runtime verification,15/Jul/26 8:14 PM,Ready,,,Mr. XS,712020:30691b85-94e0-4498-bbb6-f1f2c6cf621d,Medium,,17/Jul/26 5:37 PM,
Task,KRYL-1047,12977,KRYLO Capability Model + Opportunity Qualification Framework (intake governance) — two concepts,15/Jul/26 8:12 PM,Ready,,,Mr. XS,712020:30691b85-94e0-4498-bbb6-f1f2c6cf621d,Low,,17/Jul/26 5:52 PM,
Task,KRYL-1046,12976,Theory Induction Layer (TIL) — reusable structural constraint patterns (RESEARCH / NO-RUNTIME),15/Jul/26 8:08 PM,Ready,,,Mr. XS,712020:30691b85-94e0-4498-bbb6-f1f2c6cf621d,Low,,17/Jul/26 5:53 PM,
Task,KRYL-1045,12975,Structural Dependency Graph Engine — hidden high-leverage dependency nodes,15/Jul/26 8:07 PM,Ready,,,Mr. XS,712020:30691b85-94e0-4498-bbb6-f1f2c6cf621d,Medium,,17/Jul/26 5:37 PM,
Task,KRYL-1043,12973,"Structural Cascade — Pipeline / Streaming-Graph Infrastructure (decoupled, deferred)",15/Jul/26 8:03 PM,Ready,,,Mr. XS,712020:30691b85-94e0-4498-bbb6-f1f2c6cf621d,Low,,17/Jul/26 5:53 PM,
Task,KRYL-1042,12972,Structural Cascade Detection & Resonance Engine (Tsunami) — engine + epistemic gates,15/Jul/26 8:03 PM,Ready,,,Mr. XS,712020:30691b85-94e0-4498-bbb6-f1f2c6cf621d,Low,,17/Jul/26 5:52 PM,
Task,KRYL-1040,12938,"PLACEHOLDER: Equities event-driven — Catalyst x Execution matrix (surface leverage, never produce)",13/Jul/26 9:23 PM,Ready,,,Mr. XS,712020:30691b85-94e0-4498-bbb6-f1f2c6cf621d,Low,,17/Jul/26 5:52 PM,
Task,KRYL-1039,12905,Non-personal guardrails — doctrine as machine-enforced checks (anti-veer),13/Jul/26 5:12 PM,Ready,,,Mr. XS,712020:30691b85-94e0-4498-bbb6-f1f2c6cf621d,High,,17/Jul/26 5:52 PM,
Task,KRYL-1038,12872,"DOCTRINE: Attenuation governs traversal depth (chains, relationships, six degrees)",13/Jul/26 5:00 PM,Ready,,,Mr. XS,712020:30691b85-94e0-4498-bbb6-f1f2c6cf621d,High,,17/Jul/26 5:52 PM,
Task,KRYL-1037,12839,PLACEHOLDER: Legal gaming / NIL — structural-intelligence wedge (application of lens system),13/Jul/26 4:48 PM,Ready,,,Mr. XS,712020:30691b85-94e0-4498-bbb6-f1f2c6cf621d,Low,,17/Jul/26 5:52 PM,
Task,KRYL-1036,12806,PLACEHOLDER: IPO filings as structural-precursor source (validates lens system),13/Jul/26 3:12 PM,Ready,,,Mr. XS,712020:30691b85-94e0-4498-bbb6-f1f2c6cf621d,Medium,,17/Jul/26 5:37 PM,
Task,KRYL-1035,12773,PLACEHOLDER: Hero page — market-idiom insight cards (grounded-or-withhold),13/Jul/26 9:38 AM,Ready,,,Mr. XS,712020:30691b85-94e0-4498-bbb6-f1f2c6cf621d,Medium,,17/Jul/26 5:37 PM,
Task,KRYL-1033,12707,SRE Phase 1 — Dynamics + Topology + Audit Hooks + Anti-Ghost Adapter (DELIVERED),12/Jul/26 2:12 PM,Ready,,,Mr. XS,712020:30691b85-94e0-4498-bbb6-f1f2c6cf621d,Medium,,17/Jul/26 5:37 PM,
Task,KRYL-1032,12706,SRE Relation Governance Policy Profile (blocks metric production),12/Jul/26 1:33 PM,Ready,,,Mr. XS,712020:30691b85-94e0-4498-bbb6-f1f2c6cf621d,High,,17/Jul/26 5:52 PM,
Task,KRYL-1031,12673,PLACEHOLDER: Health Check Page,11/Jul/26 10:53 PM,Ready,Mr. XS,712020:30691b85-94e0-4498-bbb6-f1f2c6cf621d,Mr. XS,712020:30691b85-94e0-4498-bbb6-f1f2c6cf621d,High,,17/Jul/26 5:52 PM,
Task,KRYL-1030,12672,PLACEHOLDER: Security / Auth,11/Jul/26 10:53 PM,Ready,Mr. XS,712020:30691b85-94e0-4498-bbb6-f1f2c6cf621d,Mr. XS,712020:30691b85-94e0-4498-bbb6-f1f2c6cf621d,Medium,,17/Jul/26 5:37 PM,
Task,KRYL-1028,12670,PLACEHOLDER: Admin Console,11/Jul/26 10:53 PM,Ready,Mr. XS,712020:30691b85-94e0-4498-bbb6-f1f2c6cf621d,Mr. XS,712020:30691b85-94e0-4498-bbb6-f1f2c6cf621d,Low,,17/Jul/26 5:52 PM,
Task,KRYL-1026,12636,WO: SES Phase 2 — Relevance Broker (conditions-retrieval / Optimized Information Surface),11/Jul/26 1:09 PM,In Progress,Mr. XS,712020:30691b85-94e0-4498-bbb6-f1f2c6cf621d,Mr. XS,712020:30691b85-94e0-4498-bbb6-f1f2c6cf621d,High,,17/Jul/26 5:52 PM,
Task,KRYL-1025,12635,WO: STEE — Search Truth Evaluation Engine (topology exploration → Pareto candidate frontier),11/Jul/26 1:09 PM,In Progress,Mr. XS,712020:30691b85-94e0-4498-bbb6-f1f2c6cf621d,Mr. XS,712020:30691b85-94e0-4498-bbb6-f1f2c6cf621d,High,,17/Jul/26 5:52 PM,
Task,KRYL-1022,12600,"WO: Observation Closure Primitive — ratified doctrine, first build slice",10/Jul/26 1:16 PM,Ready,Mr. XS,712020:30691b85-94e0-4498-bbb6-f1f2c6cf621d,Mr. XS,712020:30691b85-94e0-4498-bbb6-f1f2c6cf621d,High,,17/Jul/26 5:52 PM,
Task,KRYL-1017,12531,DEF: Private-sector hiring coverage — caps KRYL-1016 (federal-only until sourced),09/Jul/26 2:02 PM,Ready,,,Mr. XS,712020:30691b85-94e0-4498-bbb6-f1f2c6cf621d,High,,17/Jul/26 5:52 PM,
Epic,KRYL-1010,12460,Search Environment State (SES) — pre-search epistemic precondition layer,09/Jul/26 8:23 AM,Ready,,,Mr. XS,712020:30691b85-94e0-4498-bbb6-f1f2c6cf621d,High,,17/Jul/26 5:52 PM,
Epic,KRYL-1007,12425,Entity Identity Layer — canonical ERK adoption + hardening,09/Jul/26 5:53 AM,Ready,,,Mr. XS,712020:30691b85-94e0-4498-bbb6-f1f2c6cf621d,Highest,,17/Jul/26 5:52 PM,
Task,KRYL-1005,12391,Perception Velocity Index (PVI) — lead-time to consensus,08/Jul/26 6:09 PM,Ready,,,Mr. XS,712020:30691b85-94e0-4498-bbb6-f1f2c6cf621d,High,,17/Jul/26 5:52 PM,
Epic,KRYL-1002,12388,STSE — Structural Trajectory Simulation Engine (Monte Carlo) [PROPOSED — GATED],08/Jul/26 6:04 PM,Ready,,,Mr. XS,712020:30691b85-94e0-4498-bbb6-f1f2c6cf621d,Low,,17/Jul/26 5:53 PM,
Epic,KRYL-1001,12355,CRE — Comparative Reasoning Engine,08/Jul/26 2:59 PM,Ready,,,Mr. XS,712020:30691b85-94e0-4498-bbb6-f1f2c6cf621d,Low,,17/Jul/26 5:52 PM,
Task,KRYL-989,12279,WO-2041 — API-First Decoupling for Asynchronous Render Channels,05/Jul/26 10:48 AM,Ready,,,Mr. XS,712020:30691b85-94e0-4498-bbb6-f1f2c6cf621d,Low,,17/Jul/26 5:52 PM,
Task,KRYL-988,12278,WO-2040 — Front-End PWA Integration for Local Data Resilience,05/Jul/26 10:48 AM,Ready,,,Mr. XS,712020:30691b85-94e0-4498-bbb6-f1f2c6cf621d,Low,,17/Jul/26 5:52 PM,
Task,KRYL-987,12277,Decision Translation Layer (DTL) — canonical packaging contract,05/Jul/26 9:43 AM,Review,,,Mr. XS,712020:30691b85-94e0-4498-bbb6-f1f2c6cf621d,Medium,,17/Jul/26 5:37 PM,
Task,KRYL-985,12275,Epistemic Tri-Axis Routing (ETR) — route on EDV/Learning Agenda/Sufficiency without aggregating,05/Jul/26 9:38 AM,Ready,,,Mr. XS,712020:30691b85-94e0-4498-bbb6-f1f2c6cf621d,Medium,,17/Jul/26 5:37 PM,
Task,KRYL-984,12274,Sufficiency Gate — is the investigation ready,05/Jul/26 9:36 AM,Ready,,,Mr. XS,712020:30691b85-94e0-4498-bbb6-f1f2c6cf621d,High,,17/Jul/26 5:52 PM,
Task,KRYL-983,12273,Learning Agenda — what are we trying to resolve,05/Jul/26 9:36 AM,Ready,,,Mr. XS,712020:30691b85-94e0-4498-bbb6-f1f2c6cf621d,High,,17/Jul/26 5:52 PM,
Task,KRYL-982,12272,Evidence Deficit Vector (EDV) — what is missing,05/Jul/26 9:36 AM,Ready,,,Mr. XS,712020:30691b85-94e0-4498-bbb6-f1f2c6cf621d,High,,17/Jul/26 5:52 PM,
Task,KRYL-976,12234,Cross-Domain Structural Fingerprint Exposure,04/Jul/26 2:10 PM,Review,,,Mr. XS,712020:30691b85-94e0-4498-bbb6-f1f2c6cf621d,High,,17/Jul/26 5:52 PM,
Epic,KRYL-975,12233,"Perception Synergy — COMPASS-derived capability set (detect, don't predict)",04/Jul/26 2:10 PM,Ready,,,Mr. XS,712020:30691b85-94e0-4498-bbb6-f1f2c6cf621d,High,,17/Jul/26 5:52 PM,
Task,KRYL-969,12195,CONCEPT: Strategic Narrative Evolution Engine — track entity positioning drift over time,03/Jul/26 12:50 PM,Ready,,,Mr. XS,712020:30691b85-94e0-4498-bbb6-f1f2c6cf621d,Low,,17/Jul/26 5:52 PM,
Bug,KRYL-968,12162,DEF-2087: krylo-reset (logo click) causes visible header/left-nav/ticker refresh in krylo2-feed.html iframe,02/Jul/26 8:04 PM,Ready,,,Mr. XS,712020:30691b85-94e0-4498-bbb6-f1f2c6cf621d,Medium,,17/Jul/26 5:37 PM,
Task,KRYL-953,12115,"History Tab Stats Banner: replace Years stat with Sessions, SVG-only render",02/Jul/26 10:53 AM,Ready,,,Mr. XS,712020:30691b85-94e0-4498-bbb6-f1f2c6cf621d,Medium,,17/Jul/26 5:37 PM,
Bug,KRYL-946,12044,DEF-2050: Cone visual — FrontierRing rings removed; terrain overhaul rejected; cone redesign spec required,29/Jun/26 1:31 PM,Ready,Mr. XS,712020:30691b85-94e0-4498-bbb6-f1f2c6cf621d,Mr. XS,712020:30691b85-94e0-4498-bbb6-f1f2c6cf621d,Low,,17/Jul/26 5:52 PM,
Task,KRYL-945,12011,WO-2049 — Truth Event Ledger (external validation grounding layer),29/Jun/26 6:13 AM,Ready,Mr. XS,712020:30691b85-94e0-4498-bbb6-f1f2c6cf621d,Mr. XS,712020:30691b85-94e0-4498-bbb6-f1f2c6cf621d,Medium,,17/Jul/26 5:52 PM,
Task,KRYL-944,12010,WO-2048 — Commitment primitive (doctrine first: Section 21),29/Jun/26 6:13 AM,Ready,Mr. XS,712020:30691b85-94e0-4498-bbb6-f1f2c6cf621d,Mr. XS,712020:30691b85-94e0-4498-bbb6-f1f2c6cf621d,Medium,,17/Jul/26 5:52 PM,
Task,KRYL-943,12009,WO-1862 — Safe Matcher wrapper (LaTeX/camelCase paste normalization),29/Jun/26 6:13 AM,Ready,Mr. XS,712020:30691b85-94e0-4498-bbb6-f1f2c6cf621d,Mr. XS,712020:30691b85-94e0-4498-bbb6-f1f2c6cf621d,High,,17/Jul/26 5:52 PM,
Task,KRYL-942,12008,"WO-2006 — Interpretation Validation (placeholder, spec TBD)",29/Jun/26 6:13 AM,Ready,Mr. XS,712020:30691b85-94e0-4498-bbb6-f1f2c6cf621d,Mr. XS,712020:30691b85-94e0-4498-bbb6-f1f2c6cf621d,Low,,17/Jul/26 5:37 PM,
Task,KRYL-941,12007,WO-1867 — IENBG required-field tier (sub-contract done; tier spec missing),29/Jun/26 6:13 AM,Ready,Mr. XS,712020:30691b85-94e0-4498-bbb6-f1f2c6cf621d,Mr. XS,712020:30691b85-94e0-4498-bbb6-f1f2c6cf621d,Medium,,17/Jul/26 5:37 PM,
Task,KRYL-938,12004,WO-1848 — SV Groundedness (blocked: theta/G_max/SV source undefined),29/Jun/26 6:13 AM,Ready,Mr. XS,712020:30691b85-94e0-4498-bbb6-f1f2c6cf621d,Mr. XS,712020:30691b85-94e0-4498-bbb6-f1f2c6cf621d,Low,,17/Jul/26 5:37 PM,
